Segment,Customers,Pct_Customers,Pct_Revenue,Marketing_Idea
Champions,747,17.2,61.5,"Reward them: VIP perks, early access to new products, referral bonus. No big discounts needed."
Loyal Customers,799,18.4,18.0,"Loyalty points, product bundles, upsell higher-value items."
At Risk,587,13.5,6.3,Win-back campaign with a discount on categories they used to buy.
Can't Lose Them,204,4.7,6.1,"Top-priority win-back: personal outreach, strong 'we miss you' discount, ask why they left."
Need Attention,304,7.0,2.1,Limited-time offers and personalised reminders before they drift away.
Potential Loyalists,275,6.3,1.9,"Invite to loyalty programme, 'buy again' emails, cross-sell related products."
Lost,609,14.0,1.7,"One last re-engagement email, then stop spending marketing money on them."
Hibernating,335,7.7,1.1,Occasional low-cost clearance offers. Don't over-invest.
New Customers,283,6.5,0.8,Welcome email series and a small discount on the 2nd order.
About to Sleep,195,4.5,0.5,"Cheap reactivation: reminder email, popular-items digest, free-shipping nudge."
