Segment,Customers,Avg_Recency,Avg_Frequency,Avg_Monetary,Total_Revenue,Pct_Customers,Pct_Revenue
Champions,747,12.5,13.0,7320.0,5468071.4,17.2,61.5
Loyal Customers,799,31.4,4.6,2002.9,1600279.9,18.4,18.0
At Risk,587,166.3,2.3,957.1,561823.8,13.5,6.3
Can't Lose Them,204,126.0,5.3,2669.4,544557.2,4.7,6.1
Need Attention,304,52.7,1.8,608.7,185041.1,7.0,2.1
Potential Loyalists,275,16.5,2.3,606.5,166779.2,6.3,1.9
Lost,609,278.4,1.1,244.1,148659.1,14.0,1.7
Hibernating,335,120.4,1.1,285.3,95585.1,7.7,1.1
New Customers,283,18.4,1.2,257.4,72844.7,6.5,0.8
About to Sleep,195,53.1,1.0,223.4,43567.6,4.5,0.5
